job_role,salary_cad
Other,175883.25
AI / ML Engineer,168644.02500000002
Data Analyst,103199.70000000001
Data Scientist,99713.925
